Country,Country Code,Indicator Name,Indicator Code,2010,2011,2012,2013,2014,2015,2016,2017,2018,2019,2020,2021,2022
Aruba,ABW,GDP per capita (current US$),NY.GDP.PCAP.CD,24452.5887394376,26043.1563253011,25611.1757666902,26514.8689800777,26940.2641144313,28419.2645344661,28449.7129463044,29329.0817465959,30918.483584133,31902.8098183195,24008.1278217477,29127.7593841909,33300.8388187011
Africa Eastern and Southern,AFE,GDP per capita (current US$),NY.GDP.PCAP.CD,1656.3662720377,1806.768777923,1773.65156828277,1736.84903789558,1725.33295941463,1554.167298753,1444.00351350532,1625.2862362582,1558.30748213078,1507.98288075295,1355.80592347323,1545.61321503478,1644.06282870117
Afghanistan,AFG,GDP per capita (current US$),NY.GDP.PCAP.CD,562.499219444201,608.738855868402,653.417479124439,638.733184780223,626.512930450573,566.881132665072,523.053012101752,526.140801271383,492.090632280226,497.741429257502,512.055098228687,355.777826392648,
Africa Western and Central,AFW,GDP per capita (current US$),NY.GDP.PCAP.CD,1679.88782968089,1861.38106764835,1957.91778421768,2154.15083235085,2248.31625468362,1882.26403755398,1648.76267571999,1590.27775355217,1735.37491121143,1812.44682219421,1688.07557525957,1766.94361767929,1785.31221919208
Angola,AGO,GDP per capita (current US$),NY.GDP.PCAP.CD,3586.66368031755,4608.15516572683,5083.82685110166,5061.34924028416,5011.98441159671,3217.33924430561,1809.70937719455,2439.37444118796,2540.50887797043,2191.34776373555,1450.90511218489,1927.47407832091,3000.44423053173
Albania,ALB,GDP per capita (current US$),NY.GDP.PCAP.CD,4094.34968570481,4437.14116097061,4247.63134315945,4413.06338346821,4578.63320812155,3952.80357364813,4124.05538986272,4531.03220675893,5287.66080067575,5396.2142432843,5343.0377039956,6377.20309553753,6810.11404104233
Andorra,AND,GDP per capita (current US$),NY.GDP.PCAP.CD,48237.8905407208,51428.1896998835,44902.38771225,44747.7611562684,45680.5469412164,38885.5485894753,39931.2362644858,40632.2089824607,42904.8115883352,41328.6123929102,37207.2388711909,42072.3194231234,41992.7727779758
Arab World,ARB,GDP per capita (current US$),NY.GDP.PCAP.CD,6437.73449747296,6894.81612748858,7368.69889582157,7352.08571729619,7306.0511655738,6287.31493469218,6117.87150678868,6230.76207906711,6579.41710449659,6504.78963266514,5644.14257045665,6419.16102915581,7625.25246366409
United Arab Emirates,ARE,GDP per capita (current US$),NY.GDP.PCAP.CD,35392.2609669642,42078.6138125427,44386.7860789846,45729.6076756823,46865.9645983676,41525.1389031283,41054.5395699204,43063.9674770763,46722.2687183733,45376.1708381558,37629.1741687956,44332.3400513163,53707.9800809111
Argentina,ARG,GDP per capita (current US$),NY.GDP.PCAP.CD,10385.9644319555,12848.7391514568,13082.664325572,13080.2547323367,12334.7982453893,13789.060424772,12790.2641396135,14613.0356486571,11795.1627452798,9963.67416171662,8500.83793850534,10650.8604604345,13650.6046294524
Armenia,ARM,GDP per capita (current US$),NY.GDP.PCAP.CD,3143.0294799683,3462.68177840431,3643.71540108565,3833.15707396348,4017.22991449473,3666.14182210905,3679.95234740376,4041.99507105058,4391.92326991474,4828.50488626598,4505.86774175695,4972.78320361917,7018.05150434798
American Samoa,ASM,GDP per capita (current US$),NY.GDP.PCAP.CD,10446.8632062572,10495.3047320935,11920.0610903131,12038.8715916596,12313.9973571825,13101.5418159165,13300.8246114811,12372.8847825647,13195.9358995539,13672.576657298,15609.7772196843,16653.7137781725,19673.3901023197
Antigua and Barbuda,ATG,GDP per capita (current US$),NY.GDP.PCAP.CD,13404.5160161036,14774.0321811278,15136.8411091932,14977.0718321065,15451.4952444039,15985.5411386971,16449.0591470407,16803.8702340001,18133.8226008953,18730.0047966374,15224.8585890561,17178.5437160522,19919.7266867883
Australia,AUS,GDP per capita (current US$),NY.GDP.PCAP.CD,52147.0241942843,62609.6607161044,68078.0442283168,68198.4193446869,62558.2438786332,56758.8692027821,49918.7939327254,53954.553494614,57273.5204750079,55049.571919719,51868.2475567823,60697.2454358579,65099.8459118981
Austria,AUT,GDP per capita (current US$),NY.GDP.PCAP.CD,46903.7615854343,51442.2762464407,48564.9173350875,50731.1272541847,51786.3771747905,44195.8175947748,45307.5878620429,47429.1584564387,51466.5565633634,50067.5857265892,48789.4978498872,53517.8904509612,52084.6811953372
Azerbaijan,AZE,GDP per capita (current US$),NY.GDP.PCAP.CD,5843.5337683582,7189.81869211976,7495.86527658099,7875.34536661549,7890.84028062087,5500.50364628486,3880.6852276838,4147.1981423222,4739.7943123408,4805.75371765917,4229.91064904503,5408.04535175023,7762.0738285884
Burundi,BDI,GDP per capita (current US$),NY.GDP.PCAP.CD,222.660583208376,236.451347486235,238.205945258781,241.547665709857,257.818557410131,289.359627206129,242.539527292978,244.14542219677,232.060616627711,216.972970900616,216.827417480868,221.157803430781,259.025031363515
Belgium,BEL,GDP per capita (current US$),NY.GDP.PCAP.CD,44184.946353964,47410.5669277464,44670.5606845101,46757.9518559598,47764.0715120833,41008.296719472,42012.6227191016,44198.4823908691,47544.9811472757,46641.7214017087,45609.0034936111,51850.3971840229,49926.8254295305
Benin,BEN,GDP per capita (current US$),NY.GDP.PCAP.CD,1009.48949478478,1099.4143107361,1112.56953619685,1214.29556540248,1251.50476511083,1041.65252315983,1049.82030349923,1095.27445905119,1194.43821427144,1170.8859954114,1240.73315536982,1360.91147421492,1302.85103626824
Burkina Faso,BFA,GDP per capita (current US$),NY.GDP.PCAP.CD,627.270395707064,727.612474511645,733.97287958981,762.303780103138,767.371344051512,632.12668582235,665.786328598963,711.184543433623,779.202768619387,765.229560401644,823.552410880968,888.781078836766,830.03715033429
Bangladesh,BGD,GDP per capita (current US$),NY.GDP.PCAP.CD,776.859576940281,856.381886818701,876.818010441423,973.773904318684,1108.51495720707,1236.00439239816,1659.96249605674,1815.61026180185,1963.41249219641,2122.07839667492,2233.30590129762,2457.92403936141,2688.30550090738
Bulgaria,BGR,GDP per capita (current US$),NY.GDP.PCAP.CD,6863.66706774052,7857.16706984441,7430.7373804242,7687.71368243317,7912.27484371138,7078.86032298969,7570.93165511708,8381.88134621669,9447.65589681469,9874.33632625168,10148.3423954435,12219.3418706779,13974.4492487792
Bahrain,BHR,GDP per capita (current US$),NY.GDP.PCAP.CD,21186.8143292279,23741.5574626702,25102.726348527,25790.7303121382,25464.760097715,22795.4488576612,22867.1811196134,24349.9098701325,25415.8466249472,25869.1129129041,23433.1872362574,26850.0033915702,30146.925026365
"Bahamas, The",BHS,GDP per capita (current US$),NY.GDP.PCAP.CD,27046.6576651879,26644.9265775896,28059.3936570338,26955.7889277843,28203.3556822767,29724.9533355233,29675.5358910641,30708.9870181946,31483.9788408235,32279.0113630465,23998.2680191207,28260.4325506367,31458.300811739
Bosnia and Herzegovina,BIH,GDP per capita (current US$),NY.GDP.PCAP.CD,4506.93235205533,4980.90468838995,4688.34582317708,5025.24175294061,5196.97008415107,4654.60862038896,4917.26376596306,5327.39230422044,6024.49314979655,6094.72482322311,6095.10423658487,7230.19883771887,7568.79847995923
Belarus,BLR,GDP per capita (current US$),NY.GDP.PCAP.CD,6034.67885177216,6527.6593428786,6953.21591683101,7998.0802045456,8341.29014337961,5967.06856034227,5039.77560949445,5785.53397723676,6360.05310087258,6837.76832136779,6542.8645398436,7489.71894713888,7888.26371063212
Belize,BLZ,GDP per capita (current US$),NY.GDP.PCAP.CD,5399.06209583265,5519.3390084833,5635.52152550234,5865.47090174488,6031.54840210944,6098.60007958976,6099.95710191497,6049.3919477765,6001.02426184093,6134.21523305713,5185.1580697602,6060.96822340845,6984.21695968163
Bermuda,BMU,GDP per capita (current US$),NY.GDP.PCAP.CD,101875.28407346,97774.1620717428,98431.8651810241,99471.6388978631,98467.683993982,102005.62564189,106885.878489327,111820.581466347,113050.73688163,116153.166121638,107791.886435134,111774.669092278,118774.790656677
Bolivia,BOL,GDP per capita (current US$),NY.GDP.PCAP.CD,1922.05857050664,2304.98246161085,2562.46678423329,2853.79716191598,3022.46288443562,2975.64881143063,3013.50270721666,3280.0082139387,3471.0069506501,3472.38083136442,3068.81255516456,3345.02300226194,3600.12163486427
Brazil,BRA,GDP per capita (current US$),NY.GDP.PCAP.CD,11249.2918904352,13200.5562348789,12327.5131013057,12258.5657091866,12071.4044637296,8783.2154236384,8680.73646873878,9896.71889500528,9121.02099480377,8845.32414932264,6923.6999117682,7696.78483012849,8917.67491057495
Barbados,BRB,GDP per capita (current US$),NY.GDP.PCAP.CD,16494.2430408684,16902.4923226589,16704.9243836827,16923.5909197623,16964.7522640211,17023.6943646321,17381.3650865426,17881.5632533033,18271.2522525099,19063.1022913841,16882.5015230162,17507.4679943101,20238.7842420154
Brunei Darussalam,BRN,GDP per capita (current US$),NY.GDP.PCAP.CD,34609.7119829323,46139.1075759182,46844.1973390647,43950.0454619989,41035.7771227892,30681.4339698653,26762.0350436621,28186.9867351423,31240.5017887246,30748.3092371228,27179.3528869398,31448.9127482937,37152.4769749763
Bhutan,BTN,GDP per capita (current US$),NY.GDP.PCAP.CD,2194.12587604893,2491.27343861368,2470.07215130703,2409.44000583608,2589.89916029556,2695.63692363803,2879.54656392589,3427.17384450869,3389.77730342702,3564.59877168289,3181.33974721703,3560.19770457687,
Botswana,BWA,GDP per capita (current US$),NY.GDP.PCAP.CD,6041.73205119653,7080.77864262565,6392.98734736839,6436.60331866558,6844.03324966349,5869.73757890628,6411.55166556511,6705.34106165815,6947.81784114167,6691.16105313603,5875.07060596716,7238.79609753108,7738.87880407803
Central African Republic,CAF,GDP per capita (current US$),NY.GDP.PCAP.CD,459.776981833241,515.209503489402,525.867504037729,352.22685487121,394.856932975083,351.879754769554,372.135456093031,414.74032227842,435.93229660798,426.408753120209,435.469247800022,461.137510956047,427.058096191269
Canada,CAN,GDP per capita (current US$),NY.GDP.PCAP.CD,47562.0834253057,52223.696112356,52669.0899632316,52635.1749580433,50955.9983232404,43596.1355365546,42315.6037056806,45129.4292980922,46548.6384108296,46374.1527517191,43562.4358311849,52515.1998350503,55522.445687688
Central Europe and the Baltics,CEB,GDP per capita (current US$),NY.GDP.PCAP.CD,12607.8604703985,13964.0938306065,13075.4026248976,13667.0354653061,14142.3187338836,12526.5930080241,12783.1808373622,14223.33867603,16078.2072646243,16349.9458268233,16297.9641005404,18814.1458170436,19420.9644088827
Switzerland,CHE,GDP per capita (current US$),NY.GDP.PCAP.CD,76531.3729407691,90476.7589651577,85836.2076767359,87304.3305813557,88724.9909402638,83806.4476003837,82153.0745447889,82254.3769269767,85217.3691512274,84121.9310304414,85897.7843338323,93446.4344518943,93259.9057183024
Channel Islands,CHI,GDP per capita (current US$),NY.GDP.PCAP.CD,,,,,,,58093.9960625367,57683.8938973128,62316.2199488315,61281.3272247009,57339.5268713567,67960.7269955768,
Chile,CHL,GDP per capita (current US$),NY.GDP.PCAP.CD,12764.5931178671,14637.7561666254,15397.7804598152,15842.15915686,14675.1508730028,13567.3572174332,13788.2400157601,15034.0584252287,15820.0333571155,14632.6903076927,13173.7847941723,16240.6077759729,15355.4797401048
China,CHN,GDP per capita (current US$),NY.GDP.PCAP.CD,4550.47394361131,5614.3860223103,6300.58217952904,7020.38607424065,7636.0743401587,8016.44559491162,8094.39016730811,8817.04560829162,9905.40638307759,10143.8602205959,10408.7195541075,12617.5051041181,12720.2163182363
Cote d'Ivoire,CIV,GDP per capita (current US$),NY.GDP.PCAP.CD,1654.17795876208,1701.7046408106,1649.3016148365,1903.05422934098,2124.01943008462,1941.58189772117,1999.19537159383,2113.34152528591,2295.54033462887,2290.78737894927,2349.06988200418,2613.3788930684,2486.41219394248
Cameroon,CMR,GDP per capita (current US$),NY.GDP.PCAP.CD,1383.81386476157,1497.92658476665,1433.7239284003,1559.13904919246,1631.7139850845,1399.67533591995,1426.06548113211,1479.86222187116,1594.06011023775,1538.68791249516,1539.13054519245,1654.25703730592,1563.48894034459
"Congo, Dem. Rep.",COD,GDP per capita (current US$),NY.GDP.PCAP.CD,324.827726109271,376.374981129973,412.776260544995,444.864357559096,472.266235725533,482.064568638238,456.027950583624,451.089088517319,546.212593203883,575.882781366465,524.666686211495,576.974729394136,653.656223069354
"Congo, Rep.",COG,GDP per capita (current US$),NY.GDP.PCAP.CD,2962.76248130765,3415.06237416639,3753.86092808102,3719.6510360643,3623.80745981756,2455.34791009784,2107.5030239722,2227.72013856074,2715.24310477161,2508.9447830009,2011.2694790099,2540.47321153317,2649.22502230642
Colombia,COL,GDP per capita (current US$),NY.GDP.PCAP.CD,6392.75802564032,7392.94359956308,8096.80150977513,8263.64192942212,8167.47284156278,6228.65162186089,5936.2610216683,6449.97098726076,6782.03792033195,6436.50921529527,5304.28912886641,6182.70709867964,6624.16539269075
Comoros,COM,GDP per capita (current US$),NY.GDP.PCAP.CD,1384.06328381602,1526.83263817748,1483.95155852994,1595.9898185586,1608.68787502172,1322.93677459988,1357.26622888827,1414.58668930422,1531.33781085759,1510.79732262852,1519.58677981634,1577.47084066126,1484.89246472542
Cabo Verde,CPV,GDP per capita (current US$),NY.GDP.PCAP.CD,3500.97746776661,3880.06920520905,3583.46172510997,3757.65995326233,3739.27827890219,3169.07890082563,3312.69674458487,3534.34357478817,3860.4548075811,3903.05031683625,3126.39985872259,3398.16537614695,3754.30479371603
Costa Rica,CRI,GDP per capita (current US$),NY.GDP.PCAP.CD,8147.24398493375,9137.4551007756,9971.65165576585,10633.2665504623,10737.6788811529,11529.9551730192,11899.8139833748,12118.1336248174,12383.1499522763,12669.3411549351,12179.2566735195,12604.0488374731,13365.3563992692
Caribbean small states,CSS,GDP per capita (current US$),NY.GDP.PCAP.CD,9271.40009834818,9967.73639620852,10464.8269752312,10560.2613939468,10730.9033921609,10484.8699626065,9805.58674802275,10101.698337451,10378.9057627899,10405.8032088903,8846.49409220248,10174.3840940633,12639.7046226653
Cuba,CUB,GDP per capita (current US$),NY.GDP.PCAP.CD,5275.53260105122,6106.0067919258,6467.33791422804,6814.24384354868,7117.53573456326,7683.74025365669,8055.92586780018,8543.33006731328,8831.91040872027,9139.38051005519,9499.57250428248,,
Curacao,CUW,GDP per capita (current US$),NY.GDP.PCAP.CD,,19426.3264002202,19809.8223170482,19721.292182955,19623.0300713664,19361.8129630226,18944.0962772875,18938.2440965187,19119.1244887029,19220.6865793075,16356.0933254541,17979.9982909306,20501.7522782219
Cayman Islands,CYM,GDP per capita (current US$),NY.GDP.PCAP.CD,76873.1942775535,75435.6142199311,75466.1365462205,75685.3573693412,76610.6484563953,77295.8452934434,78858.2802552237,81255.1124569481,85231.7742542655,89846.321220347,83897.505443389,88475.600468094,99624.8854439134
Cyprus,CYP,GDP per capita (current US$),NY.GDP.PCAP.CD,31023.267578125,32395.75390625,28910.74609375,27727.53515625,27162.322265625,23408.44140625,24605.349609375,26608.6953125,29335.046875,29420.0,28281.42578125,32745.84375,32048.240234375
Czechia,CZE,GDP per capita (current US$),NY.GDP.PCAP.CD,19960.0684872157,21871.2660754128,19870.8012123403,20133.1691431353,19890.9199056648,17829.6983223668,18575.2320271915,20636.199952435,23424.4804601855,23664.8478631108,22992.8793833348,26822.5141862111,27226.6156386023
Germany,DEU,GDP per capita (current US$),NY.GDP.PCAP.CD,41572.4559481507,46705.8957963353,43855.8544658618,46298.9229177341,48023.8699845462,41103.2564363768,42136.1207907991,44652.5891722719,47939.2782884504,46805.1384334439,46749.4762280016,51426.7503654421,48717.9911402128
Djibouti,DJI,GDP per capita (current US$),NY.GDP.PCAP.CD,1227.82085311429,1322.72625083956,1418.46085811933,2102.19794830208,2239.11453821208,2409.31190224284,2545.73879850905,2655.73321960188,2755.83829341814,2876.04366371536,2921.73870623293,3062.55148207643,3136.11276804873
Dominica,DMA,GDP per capita (current US$),NY.GDP.PCAP.CD,7182.40020254419,7288.49794777466,7054.87597689432,7240.67911908479,7502.12090974081,7724.04241057376,8223.04145029796,7408.09130082314,7833.19501250117,8561.58701121461,7003.46989117043,7668.15813216962,8351.19321309293
Denmark,DNK,GDP per capita (current US$),NY.GDP.PCAP.CD,58041.3984363385,61753.647131977,58507.5080517852,61191.1937042028,62548.9847332908,53254.8563700916,54663.9983719195,57610.0981801135,61591.9288698958,59592.9806886454,60836.5924121638,69268.6517983134,67790.0539923276
Dominican Republic,DOM,GDP per capita (current US$),NY.GDP.PCAP.CD,5509.56803417837,5859.381524313,6049.47158709846,6171.29512670907,6533.67091082712,6838.93674590634,7191.06970308651,7513.49798180543,7947.15933093481,8173.34469885261,7167.91497432809,8476.74963892506,10111.2457110261
Algeria,DZA,GDP per capita (current US$),NY.GDP.PCAP.CD,4495.92147563024,5473.28182611668,5610.73328198233,5519.77757552373,5516.22944039649,4197.41998491398,3967.20064743809,4134.93608656171,4171.79038755546,4021.9832660524,3354.15316371593,3700.31469728198,4342.63796796522
East Asia & Pacific (excluding high income),EAP,GDP per capita (current US$),NY.GDP.PCAP.CD,4012.17239815009,4863.6957803145,5376.65282464648,5881.99243142907,6292.35718335376,6500.07274972082,6592.55540801677,7151.33860752498,7944.81436789169,8172.02375582395,8262.99094618799,9813.00226050914,9954.2768572369
Early-demographic dividend,EAR,GDP per capita (current US$),NY.GDP.PCAP.CD,3015.33265159315,3274.5920478981,3375.02142452726,3373.55810925844,3440.5542752111,3227.84555071029,3278.24180137811,3498.57567722821,3493.67856383689,3521.64420581244,3242.51508284195,3727.93383484603,4104.08594846576
East Asia & Pacific,EAS,GDP per capita (current US$),NY.GDP.PCAP.CD,7726.90971207518,8893.52278520374,9436.83616433223,9468.66912326347,9695.92345829542,9586.06190605841,9856.58153923839,10454.5243261564,11312.9043635973,11484.4172716472,11487.311342401,13138.7246689239,12930.6916751374
Europe & Central Asia (excluding high income),ECA,GDP per capita (current US$),NY.GDP.PCAP.CD,7790.25741125136,9624.48220510402,10211.1202315818,10762.5280559086,9914.02904436971,7486.32741358411,7075.87465465798,7900.5553161219,8025.1556076003,8153.19343366464,7477.87843064562,8912.81407575584,10379.7729446256
Europe & Central Asia,ECS,GDP per capita (current US$),NY.GDP.PCAP.CD,23635.8100857449,26146.8901000866,25096.8644191198,26100.9461445819,26348.2694899961,22588.5885741348,22411.242079689,23688.0576571875,25276.8194439604,24892.3935494921,24021.7960311523,27420.8134260688,27536.8129253482
Ecuador,ECU,GDP per capita (current US$),NY.GDP.PCAP.CD,4640.24634437845,5202.65645902066,5678.45572070003,6050.3546113274,6374.6314856366,6130.58667556768,6079.08873612077,6246.40425217932,6321.34940071717,6233.25816692363,5645.19928965332,5965.13287054416,6391.28248430643
"Egypt, Arab Rep.",EGY,GDP per capita (current US$),NY.GDP.PCAP.CD,2509.77203417522,2645.6225349104,3059.13542779204,3088.8908340843,3196.86138078687,3370.38244716015,3331.61246134688,2439.96728439968,2531.20007864537,3017.25833578941,3571.5569065135,3886.7224983901,4295.40749561014
Euro area,EMU,GDP per capita (current US$),NY.GDP.PCAP.CD,37604.8336639497,40656.7102043012,37593.1919618368,39119.1156950677,39914.4243013705,34390.3487441923,35162.2283592856,37159.4090384309,40048.4581877184,39185.1397375785,38193.9579327956,42807.3365349703,41036.2333089161
Eritrea,ERI,GDP per capita (current US$),NY.GDP.PCAP.CD,504.972460176652,643.790042311239,,,,,,,,,,,
Spain,ESP,GDP per capita (current US$),NY.GDP.PCAP.CD,30532.4805081656,31677.9003083652,28322.9465923276,29077.1820557563,29513.6511800405,25754.36102944,26537.1594894542,28185.3213671969,30379.7211126422,29581.5185513299,26984.2962770279,30488.8209528797,29674.5442864413
Estonia,EST,GDP per capita (current US$),NY.GDP.PCAP.CD,14663.0446126465,17487.8047830922,17403.2053254767,19056.0019226989,20261.0667303886,17402.0376128079,18295.3429322114,20437.765376736,23165.8494786437,23424.4847073518,23595.2436836441,27943.701219882,28247.095992497
Ethiopia,ETH,GDP per capita (current US$),NY.GDP.PCAP.CD,335.438495270931,348.001348291465,458.550920793057,490.792478420391,557.534148360438,630.312619383054,705.617508543589,755.752644348666,758.29769449458,840.449601255171,918.652594077418,925.00069759158,1027.58591095964
European Union,EUU,GDP per capita (current US$),NY.GDP.PCAP.CD,32965.5829629875,35767.0827371472,33169.1180971754,34564.5825482831,35282.0273007264,30487.1561746619,31174.0338747893,33090.6343990218,35751.5725841052,35079.5342959551,34356.5746175527,38721.0779400492,37433.2784499183
Fragile and conflict affected situations,FCS,GDP per capita (current US$),NY.GDP.PCAP.CD,2315.19272034234,2118.06695089345,2310.81113599089,2338.71829996799,2428.07336146079,1890.48128039836,1742.8931213777,1805.7937710783,1852.31846300791,1919.78325083679,1700.98567130762,1779.3132913511,1870.33719810526
Finland,FIN,GDP per capita (current US$),NY.GDP.PCAP.CD,46505.3031791811,51148.9316365833,47708.0612784469,49892.2233632732,50327.2402902632,42801.9081167285,43814.0265056965,46412.1364777169,49987.6261584968,48629.8582283032,49169.7193388499,53504.6936483441,50871.9304508821
Fiji,FJI,GDP per capita (current US$),NY.GDP.PCAP.CD,3469.14964254878,4160.72119311815,4359.79240035309,4586.95521117587,5305.06443160892,5105.18961191892,5368.43349186431,5825.19966514413,6073.39457942347,5927.72420758285,4815.6891481254,4656.05134145,5356.16439621614
France,FRA,GDP per capita (current US$),NY.GDP.PCAP.CD,40676.0647913181,43846.4660764798,40870.8523645734,42602.7179652667,43068.5487241739,36652.9223052178,37062.5335723829,38781.0494870836,41557.8548588876,40494.8982936276,39179.7442596057,43671.3084099631,40886.2532680273
Faroe Islands,FRO,GDP per capita (current US$),NY.GDP.PCAP.CD,48167.6675141519,51786.480991824,50157.0587890212,55560.1330274996,60126.1256426858,52726.6873782078,56833.9165410522,59328.2376643374,62576.8016380509,63203.7447848956,62234.9686802048,69108.2065823035,66979.2773224808
"Micronesia, Fed. Sts.",FSM,GDP per capita (current US$),NY.GDP.PCAP.CD,2760.0113395546,2885.44124871393,3023.58544607879,2920.70086272777,2928.44878191958,2891.32210264749,3022.65362747328,3320.3549760029,3623.32933678299,3734.99492723045,3639.41269869588,3588.75993317482,3713.95536246102
Gabon,GAB,GDP per capita (current US$),NY.GDP.PCAP.CD,8399.59734808121,10273.798444898,9348.51487640056,9250.08111462036,9255.36803467635,7090.45463394942,6722.19822269059,6975.69519191402,7694.90605067973,7523.86228077637,6680.08266467748,8635.7971442819,8820.34733682316
United Kingdom,GBR,GDP per capita (current US$),NY.GDP.PCAP.CD,39598.957119545,42109.6418795749,42497.3404974322,43426.2981405143,47439.6165895125,44964.3911437292,40985.2351382417,40572.1214823783,43203.8141057739,42662.5353740311,40217.0090116986,46869.759058411,46125.2557513568
Georgia,GEO,GDP per capita (current US$),NY.GDP.PCAP.CD,3233.21975246843,4021.75522955035,4421.930711904,4623.88471369397,4739.27691304547,4014.11165137641,4062.12697838612,4356.92801624893,4722.0424231414,4696.15058555612,4255.74299321254,5023.27438368985,6674.95695994589
Ghana,GHA,GDP per capita (current US$),NY.GDP.PCAP.CD,1258.96419689048,1501.05917129856,1536.61963499859,2282.40750113579,1942.92186873525,1711.27131722255,1900.39767444476,1998.72266581387,2180.02968425645,2167.92544000869,2176.57621804239,2422.08591285021,2203.55893518303
Gibraltar,GIB,GDP per capita (current US$),NY.GDP.PCAP.CD,,,,,,,,,,,,,
Guinea,GIN,GDP per capita (current US$),NY.GDP.PCAP.CD,667.281601897555,644.502548659895,707.967678199003,757.692272561928,774.5690395852,756.425589810936,720.473255172646,843.464279230956,944.417268657317,1043.89988618266,1073.65933900139,1189.17599945874,1515.16794777584
"Gambia, The",GMB,GDP per capita (current US$),NY.GDP.PCAP.CD,796.631829179134,705.47749534881,686.557557719746,647.385534561172,561.649634566263,611.67121911225,640.676265282984,632.001024153219,683.324632754874,722.875356284026,704.030462837221,772.151450503284,808.278281490135
Guinea-Bissau,GNB,GDP per capita (current US$),NY.GDP.PCAP.CD,542.284101222819,683.534475990489,598.572626248258,616.159928714289,605.122546466363,585.957012587988,642.666390086932,718.245737766542,781.644367625001,730.611432270196,710.258132978222,795.118605039186,775.828965745365
Equatorial Guinea,GNQ,GDP per capita (current US$),NY.GDP.PCAP.CD,14905.5145764646,18659.4160247571,18756.4250273225,17644.5943045414,16804.9249271976,9788.98380398528,8035.30766558427,8410.39798030589,8719.18686965483,7317.39002392662,6198.94252378655,7406.08497479348,7182.26538205027
Greece,GRC,GDP per capita (current US$),NY.GDP.PCAP.CD,26716.6488260274,25483.8825644931,21912.9982879517,21787.7877636035,21616.7100094908,18083.8779056547,17923.9668134716,18582.0893411631,19756.990456255,19143.8876174584,17617.2915057014,20310.6824798873,20867.2690861087
Grenada,GRD,GDP per capita (current US$),NY.GDP.PCAP.CD,6760.97488416081,6775.74927822931,6900.76507593244,7205.25476521885,7726.37826175954,8379.62184743156,8849.51353500776,9309.26129609568,9574.3102711372,9887.92074235834,8437.5367823125,9010.5127999358,9689.08269960317
Greenland,GRL,GDP per capita (current US$),NY.GDP.PCAP.CD,43988.5280290494,47186.8759969388,45936.9562817724,47535.4883792376,50485.2244135291,44536.3549705377,48181.7453541266,50765.7494665372,54545.135857765,53309.2035905065,54693.0766804265,57116.295770722,
Guatemala,GTM,GDP per capita (current US$),NY.GDP.PCAP.CD,2852.55759284808,3228.03827784076,3355.03477737406,3522.76742900978,3779.62620518889,3994.62908519019,4173.28134863663,4454.02450948165,4485.75213495073,4647.80754129437,4609.89725752869,5029.47755484093,5473.20856444589
Guam,GUM,GDP per capita (current US$),NY.GDP.PCAP.CD,30011.2185803948,30087.7155914011,31642.1462570316,32318.8908975541,33483.9414359299,34522.3779304433,35052.8079075238,35663.0250406273,35902.725903793,37752.633077142,34780.8616624614,35904.8635462723,
Guyana,GUY,GDP per capita (current US$),NY.GDP.PCAP.CD,4589.87249766592,4960.00472639074,5461.39008471262,5576.25021487084,5495.37708403183,5668.42976474423,5905.38019563205,6220.97856820609,6094.90983678918,6477.29672607993,6863.07434593017,9994.64570422569,18199.4748396968
High income,HIC,GDP per capita (current US$),NY.GDP.PCAP.CD,38768.1877108028,41688.7348432025,41480.8641475896,41752.3619190175,42412.1297171059,39811.4801820307,40428.1793753078,42077.8430006954,44528.1687418121,44725.9950930598,43457.6982437448,48535.4658244281,49607.246548019
"Hong Kong SAR, China",HKG,GDP per capita (current US$),NY.GDP.PCAP.CD,32550.136489179,35142.4879344543,36730.796195815,38403.7777145477,40315.3739510191,42432.1619740441,43734.1980702999,46160.429791493,48537.5668888343,48359.0011950597,46109.2299946609,49764.793115622,48983.6217162934
Honduras,HND,GDP per capita (current US$),NY.GDP.PCAP.CD,1874.27170372599,2053.95969493403,2107.34542786596,2064.55053629483,2164.42455009318,2257.22528369354,2295.53627000423,2403.30608839303,2457.6860424186,2519.36618467309,2354.12143387307,2771.72265387572,3040.17304596842
Heavily indebted poor countries (HIPC),HPC,GDP per capita (current US$),NY.GDP.PCAP.CD,833.65058901251,908.508026434671,914.728296438905,988.605140695814,1021.15644841509,963.318067757582,981.831642180149,1055.40420733235,977.237530453693,985.130486573086,968.465881346309,1047.07519807515,1109.01426124728
Croatia,HRV,GDP per capita (current US$),NY.GDP.PCAP.CD,13693.5000292691,14655.8743881973,13439.6645555189,13979.1855602956,14001.1603438958,12098.5120254631,12579.9227031481,13592.2545240617,15040.0369182791,15120.9029026824,14269.9088549332,17809.0323901126,18570.4039968345
Haiti,HTI,GDP per capita (current US$),NY.GDP.PCAP.CD,1204.86205533079,1306.84531878112,1356.17277659459,1452.31354766386,1454.64917469599,1405.71478574216,1313.18609516709,1389.35862299149,1489.57840624271,1345.4750547884,1283.14122785939,1823.74222445285,1748.25713229469
Hungary,HUN,GDP per capita (current US$),NY.GDP.PCAP.CD,13217.5045951108,14234.471576937,12984.8365730133,13715.0703590361,14294.2584180751,12717.038597002,13104.6995457458,14621.2395956755,16425.2050299693,16786.2136399075,16125.6094085407,18753.0469453539,18390.1849993244
IBRD only,IBD,GDP per capita (current US$),NY.GDP.PCAP.CD,4541.1382339224,5320.92300111613,5596.07993262504,5839.26074048732,5971.5147423237,5536.38216278755,5523.36142053282,6043.46039749913,6373.97046214621,6460.50116507723,6177.52639548107,7284.44912688649,7682.79088931312
IDA & IBRD total,IBT,GDP per capita (current US$),NY.GDP.PCAP.CD,3747.60975136165,4325.48460465495,4533.25382791294,4727.35175927617,4836.87165696891,4486.33398918223,4463.08064447373,4847.68098187748,5084.85405170106,5140.64185489847,4901.56930443291,5718.69000304404,6007.37076143112
IDA total,IDA,GDP per capita (current US$),NY.GDP.PCAP.CD,1262.43493777483,1248.5493613927,1286.77655473641,1367.05147466667,1443.62287339615,1379.21060240615,1362.4619822528,1395.04993086463,1412.71194201206,1434.10009719282,1373.08761747871,1461.41110872837,1534.02309278529
IDA blend,IDB,GDP per capita (current US$),NY.GDP.PCAP.CD,1553.52317256607,1734.11239454885,1885.39859061995,2008.21295964126,2135.8406627848,1987.56753401958,1820.08119041884,1753.2708306151,1877.77672368693,1876.65480569221,1722.41776970966,1844.3200096414,1933.55647255046
Indonesia,IDN,GDP per capita (current US$),NY.GDP.PCAP.CD,3094.44307866403,3613.8008884858,3668.21208337097,3602.88551680629,3476.62485441547,3322.58167895444,3558.81885175737,3839.78507460491,3902.661675559,4151.22755440796,3895.61815200225,4334.2159826606,4787.99930771921
IDA only,IDX,GDP per capita (current US$),NY.GDP.PCAP.CD,1116.70655932906,1003.96998557712,984.998297134583,1043.98098224555,1095.15616800929,1073.59743511727,1133.38080942978,1216.33837092024,1181.35314133395,1214.58259192351,1200.24907060145,1272.35034846518,1337.01317471944
Isle of Man,IMN,GDP per capita (current US$),NY.GDP.PCAP.CD,70625.1685395487,77838.3969263195,79326.3829993587,83204.7471695074,91881.1283610971,84753.4567282435,82041.6210496551,83510.303746436,89425.8913885835,87152.4530176191,79530.6054839665,,
India,IND,GDP per capita (current US$),NY.GDP.PCAP.CD,1350.63447029491,1449.60330101563,1434.01798721629,1438.05700508042,1559.86377870535,1590.17433135955,1714.27953740039,1957.96981329558,1974.3777314935,2050.1638002619,1913.21973278751,2238.12714218765,2410.88802070689
Not classified,INX,GDP per capita (current US$),NY.GDP.PCAP.CD,,,,,,,,,,,,,
Ireland,IRL,GDP per capita (current US$),NY.GDP.PCAP.CD,48663.6004439251,52219.7057327581,48943.8206459561,51496.9616850661,55752.7649838131,62179.2642662951,62784.0656875694,70150.7370157965,79446.9391085469,80848.3019020489,85973.0884875501,102001.798249145,103983.29133582
"Iran, Islamic Rep.",IRN,GDP per capita (current US$),NY.GDP.PCAP.CD,6458.57395613765,8201.58167797698,8329.00206664876,6280.68186740814,5757.54333251596,4990.93679541655,5497.24323254699,5758.59072766807,3850.75125293224,3276.75326508099,2746.41948317956,4084.20030479458,4669.57137993878
Iraq,IRQ,GDP per capita (current US$),NY.GDP.PCAP.CD,4430.42624189518,5736.89895897239,6437.50307624074,6612.90225210234,6215.98603314029,4416.94292408042,4305.20270154631,4725.19357334032,5601.46706102705,5621.18169491752,4251.33725272808,4770.83534274738,5937.19546600271
Iceland,ISL,GDP per capita (current US$),NY.GDP.PCAP.CD,43237.0729488958,47714.5922308485,45995.5478789467,49804.9829978371,54576.7448146565,52951.6815110898,61987.9263620283,72010.1490316258,74452.1890731447,68452.23622306,58848.41812446,68710.2442005473,73466.7786674708
Israel,ISR,GDP per capita (current US$),NY.GDP.PCAP.CD,31266.6053174383,34354.7161182231,33156.2283157638,36941.8423573582,38259.6810956173,36206.5222171621,37690.4739511859,41114.7817082553,42406.8454263606,44452.2325623093,44846.7915954816,52129.5159612108,54930.9388075096
Italy,ITA,GDP per capita (current US$),NY.GDP.PCAP.CD,36035.6449950691,38649.6394836789,35051.5212697703,35560.0814062288,35565.7213771496,30242.3861352184,30960.7315088902,32406.7203150134,34622.1696664741,33673.7509627421,31922.9191626183,36449.2583375837,34776.423234274
Jamaica,JAM,GDP per capita (current US$),NY.GDP.PCAP.CD,4835.79108651148,5259.93175297891,5365.24217204558,5143.72218263652,4991.56153152664,5077.5509836244,5022.70019182535,5273.14902681979,5594.49357290917,5626.17047314286,4897.26475034653,5183.5810181201,6047.2164567796
Jordan,JOR,GDP per capita (current US$),NY.GDP.PCAP.CD,3914.70123105389,4152.49398098582,4386.4618185538,4477.61832070861,4255.89430213385,4064.25301043642,4003.40474641177,4073.11640314668,4146.40731063215,4159.6537537759,3998.67313829235,4152.75795426388,4311.00004622061
Japan,JPN,GDP per capita (current US$),NY.GDP.PCAP.CD,44968.1562349739,48760.0789494211,49145.2804308193,40898.6478964744,38475.3952461838,34960.6393843385,39375.4731620781,38834.0529341227,39751.1330982711,40415.9567649547,40040.7655055923,40058.5373276179,34017.2718075024
Kazakhstan,KAZ,GDP per capita (current US$),NY.GDP.PCAP.CD,9070.48825285747,11633.9985836418,12386.6992652963,13890.6339694612,12807.2630452048,10510.7703240885,7714.84184376024,9247.58067886159,9812.62543137393,9812.59552626324,9121.63640904156,10373.7897924367,11492.031938762
Kenya,KEN,GDP per capita (current US$),NY.GDP.PCAP.CD,1093.63962367926,1099.31546497439,1289.78079149822,1376.82920465019,1489.91972057277,1496.65357260021,1562.07661862777,1675.98842173012,1845.7834137515,1970.08007048615,1936.25075454374,2069.66112881918,2099.30193826696
Kyrgyz Republic,KGZ,GDP per capita (current US$),NY.GDP.PCAP.CD,880.038521818228,1123.88314370665,1177.97526115747,1282.43824753314,1279.77078445418,1121.08269597662,1120.66705800127,1242.77022029305,1308.13978544561,1451.51563835807,1256.92922601263,1365.50830399287,1655.07269765044
Cambodia,KHM,GDP per capita (current US$),NY.GDP.PCAP.CD,782.695738595564,880.310304428913,950.482544613835,1015.22088134268,1098.07453750531,1170.74281578643,1281.10597105412,1400.89926522987,1533.31598466079,1671.3854000919,1577.91173991645,1625.23502147979,1759.60802346044
Kiribati,KIR,GDP per capita (current US$),NY.GDP.PCAP.CD,1438.08141312394,1644.40755349869,1698.91912438014,1628.64259354319,1546.88176752726,1459.14398299206,1506.23100308107,1566.44713639955,1607.22982544435,1410.01464320535,1403.99385262696,1766.14428934624,1701.97066488808
St. Kitts and Nevis,KNA,GDP per capita (current US$),NY.GDP.PCAP.CD,16427.6210053903,17571.984460028,17293.8060527894,18315.914675326,19945.3151701577,20025.652352499,21079.520970707,22148.5124341669,22533.8820531551,23204.9705641255,18553.6571372598,18035.3861402469,20262.2671364514
"Korea, Rep.",KOR,GDP per capita (current US$),NY.GDP.PCAP.CD,23079.2601257735,25097.595426845,25459.1689000965,27179.5170146052,29252.9312377352,28737.4391706499,29280.4403170048,31600.7358741365,33447.1562836166,31902.4169048194,31721.2989141857,35142.264267481,32422.5744864287
Kuwait,KWT,GDP per capita (current US$),NY.GDP.PCAP.CD,39212.5794137711,49010.3105001299,51271.0677569339,47762.7967032092,43239.8351779171,29315.1985079166,27026.6876602182,29258.2663270479,32012.1875249538,30666.2371314234,24297.7108020951,32324.8409043988,41079.5226998138
Latin America & Caribbean (excluding high income),LAC,GDP per capita (current US$),NY.GDP.PCAP.CD,8616.30942241329,9945.02468102074,9792.18895723067,9937.19652727501,9870.61765396447,8301.02679356578,7972.03218839112,8788.35026750045,8446.59232232899,8246.5166728875,6889.46986082371,7873.98078159932,8971.78037168385
Lao PDR,LAO,GDP per capita (current US$),NY.GDP.PCAP.CD,1127.83523605263,1363.72529042766,1566.00974499584,1815.44023786192,1984.5086701174,2125.45905698314,2309.0490761946,2439.4633552251,2553.36186646266,2598.50552320723,2593.35509719847,2535.62343413571,2054.43078086496
Lebanon,LBN,GDP per capita (current US$),NY.GDP.PCAP.CD,7695.24541457279,7914.1095681645,8500.1805629403,8255.20921055985,7665.37969186256,7802.75136769776,8172.29947599133,8679.89742212366,9225.84515486901,8925.42186017072,5599.95752260733,4136.14657516013,
Liberia,LBR,GDP per capita (current US$),NY.GDP.PCAP.CD,497.020365397034,573.526422156584,644.455576742833,717.635753333907,713.734882389203,699.662946853965,722.131226789418,706.892691974846,700.037039377706,665.878447568436,597.529691893048,675.66318584916,754.532842914744
Libya,LBY,GDP per capita (current US$),NY.GDP.PCAP.CD,11611.3585954261,7784.13321371462,15765.4197906677,12589.5297148358,9408.75254634115,7867.5157311439,7945.00605015965,10529.1162687455,11838.2987072109,10542.4290201042,7034.65836433258,5908.9513231651,6716.09598462328
St. Lucia,LCA,GDP per capita (current US$),NY.GDP.PCAP.CD,8672.21566785729,9110.75181022028,9231.57625405725,9542.71357425779,10007.1445097875,10290.3715682224,10574.3865772889,11270.4747103578,11563.8304251364,11773.4274818992,8951.52476578187,10916.2270797887,13030.9284804245
Latin America & Caribbean,LCN,GDP per capita (current US$),NY.GDP.PCAP.CD,9164.56639654811,10306.4306556861,10311.907062618,10450.9409414168,10539.3744128198,8723.13545715196,8421.1480767647,9255.8059757905,8977.99255312428,8772.56219413792,7393.17471855658,8478.6334058771,9559.21345557566
Least developed countries: UN classification,LDC,GDP per capita (current US$),NY.GDP.PCAP.CD,836.830702178607,938.867567075338,957.710866631994,1010.98605162019,1063.74130138772,1004.29199066255,1024.2201901702,1116.75249734232,1067.83639470651,1100.06194462748,1082.86335345338,1153.2744131558,1268.33895173377
Low income,LIC,GDP per capita (current US$),NY.GDP.PCAP.CD,1162.96903491795,822.329813582004,759.425948586134,755.011285634136,793.572053141031,774.247647253452,747.318624124845,804.873520434808,662.855806924224,686.222679051697,656.686674564115,678.653210032779,750.466942491605
Liechtenstein,LIE,GDP per capita (current US$),NY.GDP.PCAP.CD,141466.827324144,158603.608966707,149461.78557146,173659.411799089,179467.516166777,167809.269874833,165845.995200652,170875.682067431,175286.679024684,167259.160311816,165287.186766512,197504.548936258,
Sri Lanka,LKA,GDP per capita (current US$),NY.GDP.PCAP.CD,2836.97410911231,3248.0402104632,3351.89247576451,3643.83244664348,3885.62361617465,3990.35311739446,4107.82977539914,4388.20190593728,4360.58473469252,4082.69404871533,3852.38909102194,3996.57199501251,3354.38340757565
Lower middle income,LMC,GDP per capita (current US$),NY.GDP.PCAP.CD,1702.70306610505,1912.06582563075,1982.96448285105,1991.8131752002,2062.51992003302,1979.55537109609,2037.7253258969,2159.48628984457,2179.9540622554,2238.51882000162,2123.35026410249,2405.60357592672,2561.45757553091
Low & middle income,LMY,GDP per capita (current US$),NY.GDP.PCAP.CD,3566.88109361516,4148.79923162515,4355.48221488088,4547.87982427934,4640.41499315618,4342.5952127114,4320.05019272322,4688.84021818767,4908.17192101458,4966.26046019178,4735.35732216915,5526.29613463755,5811.43047494135
Lesotho,LSO,GDP per capita (current US$),NY.GDP.PCAP.CD,1104.8115468317,1265.85794508512,1205.85998481002,1141.3609231718,1165.05065002416,1113.83683453612,994.239764062067,1062.4561920176,1162.97885412072,1061.22335618067,917.356381258442,1029.50618912869,969.935760159406
Late-demographic dividend,LTE,GDP per capita (current US$),NY.GDP.PCAP.CD,6214.13522334759,7525.55031818704,7991.47128109335,8544.80177486848,8812.62863347942,8213.98043073017,8182.34473545212,9022.30188954083,9840.39463120476,9979.38342083542,9722.31042125303,11556.4864563168,12072.7671900597
Lithuania,LTU,GDP per capita (current US$),NY.GDP.PCAP.CD,11987.508411647,14376.9478643932,14367.709424872,15729.6524666512,16551.018202078,14263.9645773495,15008.3132445526,16885.4073948373,19186.359591641,19615.5491450175,20381.8557827478,23849.6156993566,25064.808914729
Luxembourg,LUX,GDP per capita (current US$),NY.GDP.PCAP.CD,110885.991378721,119025.057203467,112584.676270958,120000.140729859,123678.702143275,105462.012584423,106899.293549552,110193.213797228,116786.511654677,112726.439672814,116905.370396853,133711.794435985,125006.021815486
Latvia,LVA,GDP per capita (current US$),NY.GDP.PCAP.CD,11420.9940032836,13338.9622350852,13847.3379393194,15007.4918561719,15742.3913381908,13786.4567953114,14331.7515885049,15695.1151541059,17865.0310947642,17883.3494113217,18096.2027073394,20930.3982374189,21779.5042572825
"Macao SAR, China",MAC,GDP per capita (current US$),NY.GDP.PCAP.CD,50676.3870819204,64528.3628232928,74111.6011863847,86853.4770469877,90873.6024865671,73220.6355551661,71919.054918813,78896.2747485132,84779.4536941057,82998.6361006441,37474.7345945939,45104.8921800265,34584.8590938779
St. Martin (French part),MAF,GDP per capita (current US$),NY.GDP.PCAP.CD,,21344.5873046446,,,21920.0237806503,,,,,19691.6167115689,,20320.7168789132,
Morocco,MAR,GDP per capita (current US$),NY.GDP.PCAP.CD,3067.85180664063,3302.453125,3164.00463867188,3377.6435546875,3430.53442382813,3139.22827148438,3132.9521484375,3288.50268554688,3492.67260742188,3498.58276367188,3258.26904296875,3767.52490234375,3441.99145507813
Monaco,MCO,GDP per capita (current US$),NY.GDP.PCAP.CD,161780.745361248,179369.268180394,165497.097810044,185055.517569114,195772.724261668,170338.680381498,174412.494536127,173611.687859934,193968.090133158,199382.838585354,182537.387370109,235132.784182144,240862.18244774
Moldova,MDA,GDP per capita (current US$),NY.GDP.PCAP.CD,2436.79935102421,2941.36224066021,3044.8084324815,3321.04397795719,3289.16784588695,2749.91303825395,2847.63506882245,3454.95469039113,4156.95750022299,4404.95042249597,4376.24249318339,5274.74484719747,5714.43048840294
Madagascar,MDG,GDP per capita (current US$),NY.GDP.PCAP.CD,459.375407996579,516.902539255093,504.173737710132,526.688019635403,517.136183122584,455.63803458407,464.61615837171,503.498058680237,512.543991506858,512.27966560241,462.404228818383,503.352081190858,516.592615982213
Maldives,MDV,GDP per capita (current US$),NY.GDP.PCAP.CD,7158.06142131359,7409.33190310175,7447.41560461439,8222.55803576643,8872.128379429,9480.43151420101,9708.14134750478,10194.7461477043,11034.7235971635,11349.8592642235,7216.81637110947,10076.3175303966,11780.8169102421
Middle East & North Africa,MEA,GDP per capita (current US$),NY.GDP.PCAP.CD,7524.72520807138,8320.3230197432,8794.72980291828,8471.77558646259,8345.56690388364,7217.65162409964,7158.04976899796,7337.21354901812,7565.28163432557,7444.85563428996,6579.70672585057,7696.00660755537,8973.86258463188
Mexico,MEX,GDP per capita (current US$),NY.GDP.PCAP.CD,9823.16407600128,10766.6099388208,10842.7330888296,11317.4910611485,11490.0216901556,10098.1731805195,9152.73722334937,9693.33009125499,10130.3206984553,10434.5783651735,8894.89065003643,10359.1498625832,11496.5228716049
Marshall Islands,MHL,GDP per capita (current US$),NY.GDP.PCAP.CD,3001.31982926464,3238.88731570104,3445.31540332931,3611.69964168874,3672.68093377497,3703.64905889496,4153.11717602268,4507.622862229,4771.35920442167,5186.83384237084,5545.60026741253,6130.4371365469,6225.17922244115
Middle income,MIC,GDP per capita (current US$),NY.GDP.PCAP.CD,3803.99841199212,4478.61465383596,4716.81253147002,4933.77152428747,5036.88597556996,4715.50544348269,4698.95569942803,5107.25027858374,5372.2689080244,5442.66229375372,5197.80235289827,6085.76413323992,6407.49832355819
North Macedonia,MKD,GDP per capita (current US$),NY.GDP.PCAP.CD,4577.68954288046,5098.09470097215,4728.31307850676,5241.05360094583,5495.73138040533,4861.55615984223,5149.58676436907,5450.49706853299,6108.73917044261,6070.38805358275,5965.45023195365,6778.56287821774,6591.47131411961
Mali,MLI,GDP per capita (current US$),NY.GDP.PCAP.CD,688.327865858558,810.182556036129,753.392137501905,778.797052798816,818.430341392215,723.504204947663,750.051809102295,795.682801553765,856.356596550603,840.175746366299,822.906136832132,881.510088733585,833.297255093071
Malta,MLT,GDP per capita (current US$),NY.GDP.PCAP.CD,21798.9142935915,23155.103527089,22526.5370208632,24769.5962287121,26753.2733830814,24921.7141769982,25623.9416320597,28813.1853396512,31785.8848300917,31727.0070746362,29597.6361628521,34881.2912726609,34127.5105566356
Myanmar,MMR,GDP per capita (current US$),NY.GDP.PCAP.CD,1003.03345506033,1204.49647224228,1193.54764896001,1189.96476533347,1281.43871813127,1159.34020074533,1218.21703407842,1263.28526342903,1288.41808699092,1415.37967619462,1479.61368925363,1231.69466580785,1149.21121846296
Middle East & North Africa (excluding high income),MNA,GDP per capita (current US$),NY.GDP.PCAP.CD,4624.87234461776,4678.50403740476,4953.99147008995,4470.13995583534,4317.8133038336,3805.67993794431,3832.82048502443,3771.3988326831,3518.88605311116,3475.85842868128,3120.08826441252,3590.64385329545,3998.58576319152
Montenegro,MNE,GDP per capita (current US$),NY.GDP.PCAP.CD,6688.40259641346,7328.78943085498,6586.39970256684,7188.86361611271,7387.87296917548,6517.19267514764,7033.43962398373,7803.35824465203,8850.3749248372,8909.6538759126,7677.37132106817,9465.96153027794,10093.4387007266
Mongolia,MNG,GDP per capita (current US$),NY.GDP.PCAP.CD,2660.28817507398,3793.74365523458,4402.30452266711,4422.30087600131,4211.93943552954,3919.35121343969,3690.75677759847,3708.24822134669,4165.02282101895,4394.94715044543,4041.17414564367,4566.14013029182,5045.50470031666
Northern Mariana Islands,MNP,GDP per capita (current US$),NY.GDP.PCAP.CD,14772.4961635883,13880.4265041889,14247.7893007888,14806.0067892829,16044.4307312558,17665.1007493109,24054.9156122269,30751.6410731534,25862.7544529262,23687.2718520599,17302.9221368504,,
Mozambique,MOZ,GDP per capita (current US$),NY.GDP.PCAP.CD,494.584022000439,615.278659781153,681.49212857369,681.065114197441,690.443218144276,603.838513777915,435.760991009624,464.294721264472,510.379996498468,512.21576378384,456.581928995106,504.037787143107,558.298606448221
Mauritania,MRT,GDP per capita (current US$),NY.GDP.PCAP.CD,1646.13042756814,1919.45227079679,1850.38496774479,1929.77563929612,1715.38883792802,1562.72683648828,1579.20071673512,1634.64215833074,1749.95423645373,1800.87518658218,1836.29241098592,1998.39400265586,2065.15551570106
Mauritius,MUS,GDP per capita (current US$),NY.GDP.PCAP.CD,8000.37643182154,9197.04299089459,9291.23627601053,9764.64413060045,10366.3550754936,9507.87133656424,9965.72531085228,10841.6847754844,11643.4605962124,11403.2527870674,9011.04288445023,9068.98018051209,10256.2303053576
Malawi,MWI,GDP per capita (current US$),NY.GDP.PCAP.CD,688.139191185368,769.052599195882,563.061539677727,501.19717297875,534.126977149089,544.276872741836,454.443266065248,500.165547203323,537.932204050438,584.362867276266,622.184591270706,633.609733179475,645.158692067185
Malaysia,MYS,GDP per capita (current US$),NY.GDP.PCAP.CD,8880.14580454109,10209.3719445027,10601.5104558966,10727.6690215542,11045.5801207599,9699.60046342736,9555.66959336559,9979.70447282371,11073.9789704691,11132.1027429418,10164.344431073,11134.6229528189,11993.1876132994
North America,NAC,GDP per capita (current US$),NY.GDP.PCAP.CD,48552.9424055168,50289.0244037158,51881.1708863839,53234.150098465,54714.4709286191,55452.4213839576,56312.4348848537,58423.8858786865,61174.7773442449,63203.3738891388,61483.0007500548,68399.102745446,74160.9967655373
Namibia,NAM,GDP per capita (current US$),NY.GDP.PCAP.CD,5445.42006302741,5873.05938103204,6017.17836541483,5463.03136620996,5544.10406844675,4965.67276506551,4614.89207493896,5453.57062341501,5687.38104280011,5126.17614281673,4252.04172014353,4919.18895548026,5031.11503011478
New Caledonia,NCL,GDP per capita (current US$),NY.GDP.PCAP.CD,37494.8952028518,40697.6528593173,37294.0228471229,38503.2540609118,39675.5664792121,32428.5722348241,32286.9104984753,33876.3290941463,36495.1959423457,34934.5794300065,34877.6356349199,37247.4931167883,35745.1850468561
Niger,NER,GDP per capita (current US$),NY.GDP.PCAP.CD,471.61268796898,507.602495302453,525.047284914011,548.157848842165,560.754475169279,481.111301105002,497.036120831726,514.543398015622,568.599659746618,549.81612778082,564.841662317524,590.629494752737,585.404929171026
Nigeria,NGA,GDP per capita (current US$),NY.GDP.PCAP.CD,2280.11128904338,2504.87910104512,2728.02278831129,2976.75683168398,3200.95279935925,2679.5542234874,2144.78034442697,1941.87947889475,2125.83449073877,2334.02364318105,2074.61374667422,2065.77441035114,2162.63373428577
Nicaragua,NIC,GDP per capita (current US$),NY.GDP.PCAP.CD,1495.73375442812,1644.80148124531,1746.42125435257,1794.78918809148,1913.52134831663,2025.32143224265,2079.45102735861,2127.28281786358,1981.85836665362,1905.63832831484,1876.60737823677,2064.92924633583,2255.42599496242
Netherlands,NLD,GDP per capita (current US$),NY.GDP.PCAP.CD,50999.7451168879,54230.3129029852,50070.1416045904,52198.8975607454,52900.537415323,45193.4032187971,46039.1059284098,48675.2223350213,53044.5324352253,52476.2732533327,52162.5701150406,58727.8705471475,57025.01245598
Norway,NOR,GDP per capita (current US$),NY.GDP.PCAP.CD,88163.2085931423,101221.813476644,102175.919298374,103553.840134417,97666.6951838749,74809.9658049898,70867.3609970749,76131.8384032764,82792.8427113304,76430.5889473338,68340.0181033702,93072.8925119571,108729.18690323
Nepal,NPL,GDP per capita (current US$),NY.GDP.PCAP.CD,589.165434913038,791.225576719446,794.092559357612,809.384457749825,827.74470490585,882.307663444541,880.224893639824,1027.96547447264,1161.5343496373,1185.68231817311,1139.18989203941,1229.39420516246,1336.54604729847
Nauru,NRU,GDP per capita (current US$),NY.GDP.PCAP.CD,4644.35549364565,6328.10267224703,9675.95968504209,8825.97858075408,9063.00223035953,7587.25441038889,8528.63015087044,9361.03739658919,10985.8743965037,10316.5278229326,10124.7006220945,11632.6925020419,11970.9382798352
New Zealand,NZL,GDP per capita (current US$),NY.GDP.PCAP.CD,33676.7741239925,38387.6270784076,39973.3807587223,42976.6495882584,44572.8987536626,38630.7265886928,40058.1961621466,42910.9728362488,43236.8866923404,42796.4305818389,41760.5947840005,49996.4206725811,48418.5916631992
OECD members,OED,GDP per capita (current US$),NY.GDP.PCAP.CD,35088.3302129543,37547.3529335268,37285.5840179767,37546.4785013602,38068.4952667378,35666.4567387794,36115.1930669069,37476.546622471,39416.2426110161,39583.2257001017,38402.1175973772,42731.2889452911,43476.378035187
Oman,OMN,GDP per capita (current US$),NY.GDP.PCAP.CD,22552.1990071233,24166.0963053624,24722.6388245874,23563.9405992228,23121.2063768559,18777.4330589162,17082.2061998982,17802.5751178049,19887.5743113149,19132.1522739094,16707.6230063214,19509.4664633867,25056.7948608378
Other small states,OSS,GDP per capita (current US$),NY.GDP.PCAP.CD,12139.0927836761,14660.1358375011,14987.3072565544,15303.8429454188,15445.7156803132,12502.8728769793,12088.9097712616,12902.1701956534,14076.2635058753,13574.6077874429,11686.9341069944,13975.166508629,16003.0975333558
Pakistan,PAK,GDP per capita (current US$),NY.GDP.PCAP.CD,1011.59718017727,1161.04432084751,1236.89276298823,1259.66836828623,1303.18536985282,1421.83527830089,1468.82208238833,1567.6406123353,1620.74259148331,1437.1658330724,1322.31478539554,1506.10829305917,1588.8798287911
Panama,PAN,GDP per capita (current US$),NY.GDP.PCAP.CD,8124.55830734871,9403.43990821634,10767.2931788172,11932.2862205866,12837.2479584282,13669.5594424097,14382.2323819969,15185.9724813803,16156.0742859681,16472.8317470488,13293.3331951688,15491.2898013383,17357.628633794
Peru,PER,GDP per capita (current US$),NY.GDP.PCAP.CD,5047.2046433225,5826.83230656078,6475.72044267849,6697.18774707052,6614.83081997934,6180.11926810233,6163.86042474328,6676.30879274916,6912.10398761205,6955.88082448096,6063.62692279047,6635.46414809173,7125.82993135746
Philippines,PHL,GDP per capita (current US$),NY.GDP.PCAP.CD,2201.77682813479,2431.19996066282,2671.77752181561,2847.56794274704,2935.92859830401,2974.29691673713,3038.15203684461,3077.43441889625,3194.67270132209,3413.84904430419,3224.42281121767,3460.53938169242,3498.5098055874
Palau,PLW,GDP per capita (current US$),NY.GDP.PCAP.CD,10029.28802589,10795.5646929825,11835.3839295665,12418.8261724235,13580.0067430883,15761.3633809149,16743.376740009,16011.6611537815,16152.3892325347,15738.4670127261,14349.3168192188,12921.8273205171,
Papua New Guinea,PNG,GDP per capita (current US$),NY.GDP.PCAP.CD,1879.24055902232,2303.8266113635,2653.09278970276,2578.49864720758,2742.25004998231,2502.07344498028,2332.67588834678,2495.14077312932,2584.32780208122,2593.77555393227,2446.08468660615,2624.60411021362,3115.92292304288
Poland,POL,GDP per capita (current US$),NY.GDP.PCAP.CD,12504.2501856093,13776.3883624327,13010.7555868425,13558.3411314221,14181.9486817352,12560.051419682,12378.8117641782,13815.4999463758,15504.5089370714,15700.0135796738,15816.8204021382,18050.2794441161,18688.0044867103
Pre-demographic dividend,PRE,GDP per capita (current US$),NY.GDP.PCAP.CD,1439.05261033905,1626.63285674064,1715.30266236896,1820.0163443348,1877.25470661257,1563.46933235924,1388.67825973899,1438.13131092546,1452.89996730644,1489.89883027873,1330.42076985875,1417.16418953831,1558.02127680397
Puerto Rico,PRI,GDP per capita (current US$),NY.GDP.PCAP.CD,26435.74878578,27278.8830499205,27944.7338937424,28513.1657351067,28981.4573305866,29763.4883013861,30627.1634017011,31108.7527508912,31615.0667918433,32916.866800639,31427.4291136799,32601.5656391821,35208.6371888414
"Korea, Dem. People's Rep.",PRK,GDP per capita (current US$),NY.GDP.PCAP.CD,,,,,,,,,,,,,
Portugal,PRT,GDP per capita (current US$),NY.GDP.PCAP.CD,22520.6423124045,23217.2954965207,20563.7136012629,21653.1959752225,22103.7009703321,19250.1065376852,19991.9724878805,21490.429863104,23562.5545228191,23330.817288932,22242.406417972,24661.1664874576,24515.2658507319
Paraguay,PRY,GDP per capita (current US$),NY.GDP.PCAP.CD,4725.72634101583,5776.2818479967,5617.10491786787,6410.81470278733,6629.41699277341,5861.40189546648,5759.04219789251,6136.0583014952,6242.96145417898,5807.83879407975,5353.34806456279,5959.44179393627,6153.05565720044
West Bank and Gaza,PSE,GDP per capita (current US$),NY.GDP.PCAP.CD,2557.07562356699,2880.79843707909,3067.43872735614,3315.29753909282,3352.11259506043,3272.15432360708,3527.61382413178,3620.36048715937,3562.33094270256,3656.85827137011,3233.56863835858,3678.63565662194,3789.32796575153
Pacific island small states,PSS,GDP per capita (current US$),NY.GDP.PCAP.CD,2882.71620418106,3324.39545656406,3484.17405576986,3582.87827915284,3851.25133939411,3723.87511414044,3866.86186006748,4128.66101841916,4288.22621835563,4222.88212863928,3698.09906008349,3650.85415168242,3912.18563859534
Post-demographic dividend,PST,GDP per capita (current US$),NY.GDP.PCAP.CD,39705.6500322311,42530.7837380015,42291.0784976285,42523.7433817556,43170.2952375523,40636.3472020662,41363.385868283,42968.2895266901,45382.7639530052,45700.0608043909,44514.122675445,49527.6601289198,50482.1131303832
French Polynesia,PYF,GDP per capita (current US$),NY.GDP.PCAP.CD,21447.8582553167,21747.9888416729,19864.5356998373,20941.5173404574,21223.0754876891,18252.5142032094,18726.6394704764,19743.9590211525,20614.8943681731,20093.2085805567,19185.6977702906,20230.2410482554,18984.8510962405
Qatar,QAT,GDP per capita (current US$),NY.GDP.PCAP.CD,73021.3097525035,92992.9971307452,98041.3622380894,97630.8255152088,93126.1494633822,66984.9102002396,58467.2355711087,59407.6980498883,66264.081168209,62827.3969543275,52315.6600783117,66858.7417226715,87661.4501457275
Romania,ROU,GDP per capita (current US$),NY.GDP.PCAP.CD,8397.80917311457,9560.15942530942,8930.72991164974,9497.20647561211,10031.3421526698,8976.9544892648,9404.38125929526,10727.9708633184,12494.4235789649,12957.9991142218,13047.4566563993,14946.624968678,15786.8017421977
Russian Federation,RUS,GDP per capita (current US$),NY.GDP.PCAP.CD,10674.990234375,14311.064453125,15420.859375,15974.6220703125,14095.646484375,9313.021484375,8704.89453125,10720.33203125,11287.3544921875,11536.2587890625,10194.44140625,12532.05078125,15270.7060546875
Rwanda,RWA,GDP per capita (current US$),NY.GDP.PCAP.CD,594.160254467019,650.991484187704,706.202003531135,704.485625539362,724.792350347061,733.887472832132,728.869618913457,756.547641107379,768.943661203909,806.100820273159,773.773260850509,821.171394808138,966.232071361993
South Asia,SAS,GDP per capita (current US$),NY.GDP.PCAP.CD,1253.94640751803,1361.48306716102,1362.3317737149,1380.00341254718,1490.71774949595,1539.4706005076,1675.43875197015,1887.89056136563,1920.14005541373,1965.09423623942,1853.84590090852,2136.19289074982,2287.41612436406
Saudi Arabia,SAU,GDP per capita (current US$),NY.GDP.PCAP.CD,17958.9478313331,22441.571143891,24069.2033148131,23945.5123106892,23862.8011860096,20442.3660631613,19930.407543816,20910.4829617971,24175.5833140113,23405.7060995766,20398.0609870951,24315.6185511873,30447.8837074473
Sudan,SDN,GDP per capita (current US$),NY.GDP.PCAP.CD,1706.41491699219,1982.81616210938,1797.40087890625,1834.56103515625,2076.0009765625,2226.40942382813,2614.29443359375,3188.76928710938,769.869140625,748.010925292969,608.33251953125,749.706787109375,1102.146484375
Senegal,SEN,GDP per capita (current US$),NY.GDP.PCAP.CD,1286.60496647046,1383.53911649626,1334.72591526235,1391.5321896037,1417.094987474,1238.12639978389,1290.74997126951,1385.1992136057,1484.22707035644,1462.67835252138,1492.47590293523,1633.56011890357,1598.72643336012
Singapore,SGP,GDP per capita (current US$),NY.GDP.PCAP.CD,47236.683084953,53891.4570264372,55547.5553077786,56967.4257940383,57564.8023114977,55645.6068614606,56895.6583127851,61164.8973569773,66836.521995236,66070.4868123062,61273.9916594455,77710.0892373091,82807.6290622897
Solomon Islands,SLB,GDP per capita (current US$),NY.GDP.PCAP.CD,1661.99788468931,1921.35635220457,2087.51788731499,2208.0852835112,2235.7337028278,2134.80541826155,2196.28389055503,2283.57905127379,2450.4828877801,2398.77305007963,2222.46211853173,2232.53695397683,2205.25180509148
Sierra Leone,SLE,GDP per capita (current US$),NY.GDP.PCAP.CD,400.540743708337,443.451842171273,558.179723315125,706.452681507398,702.338587730146,581.293411814954,515.447839602837,484.456128767591,519.649963861622,506.606913779078,493.432240551423,504.621287621531,475.795727844622
El Salvador,SLV,GDP per capita (current US$),NY.GDP.PCAP.CD,3017.3073947577,3304.97418347889,3471.05126865498,3555.16209958481,3638.51765819162,3761.51368000275,3870.31298246063,3986.04901435439,4145.86235103186,4280.28840404719,3961.72663347599,4664.31122268385,5127.32166823012
San Marino,SMR,GDP per capita (current US$),NY.GDP.PCAP.CD,59516.3233988223,55815.2852611454,48433.5702995685,50435.3673298211,50133.6065243359,42281.8112549264,43398.4285257227,44885.517837773,48464.5246477919,47287.3983948633,45321.4892226161,54982.451714817,
Somalia,SOM,GDP per capita (current US$),NY.GDP.PCAP.CD,,,,454.077264239123,491.189804120376,507.482915466996,517.09758150565,555.185123613189,537.15929021041,589.465891901577,556.578066029269,576.523678242108,592.103121972088
Serbia,SRB,GDP per capita (current US$),NY.GDP.PCAP.CD,5735.42285659849,6809.15980400146,6015.94522756969,6755.07367461629,6600.05621129155,5588.9794435877,5765.20335248009,6292.5465490011,7252.40366767165,7417.20660836868,7733.80346893763,9232.96160604855,9537.68286673128
Sub-Saharan Africa (excluding high income),SSA,GDP per capita (current US$),NY.GDP.PCAP.CD,1664.45505618598,1827.41181828894,1847.05104447357,1904.81902023681,1936.09169028439,1685.87762138125,1525.6890557515,1609.80618677888,1628.7465208518,1629.98722074952,1489.4490671341,1634.26533568468,1700.1021810069
South Sudan,SSD,GDP per capita (current US$),NY.GDP.PCAP.CD,1503.13388901082,1455.35840718862,1114.92372260191,1659.14078728478,1245.14931107226,1071.77776475545,,,,,,,
Sub-Saharan Africa,SSF,GDP per capita (current US$),NY.GDP.PCAP.CD,1665.4009875735,1828.40597200384,1848.04774820992,1906.02683366202,1937.32519909579,1687.10091516037,1526.95769331624,1611.0990750748,1630.05597191173,1631.31214101577,1490.34966585367,1635.21734094322,1701.24538173745
Small states,SST,GDP per capita (current US$),NY.GDP.PCAP.CD,10985.2852044814,13029.2633846469,13391.8281310951,13668.0873540821,13841.6816408484,11588.2234057817,11169.7393118569,11864.8222319502,12823.5400176657,12448.873754335,10704.4072651703,12682.8172192726,14684.0579128602
Sao Tome and Principe,STP,GDP per capita (current US$),NY.GDP.PCAP.CD,1043.28142666295,1217.21206404444,1207.70070239994,1378.23019340903,1484.17010509944,1292.73305546523,1428.25790783907,1547.82270967205,1815.60549545058,1924.40814952173,2155.26586782508,2350.45270097134,2386.6961758184
Suriname,SUR,GDP per capita (current US$),NY.GDP.PCAP.CD,7999.50739437676,8009.25230244723,8922.95618613502,9124.54109297075,9199.17789329145,8907.83725830091,5705.39948731743,6112.88301430134,6730.83696146221,6690.04478601228,4796.53331389928,5026.87949279073,5858.82466074423
Slovak Republic,SVK,GDP per capita (current US$),NY.GDP.PCAP.CD,16908.8479564876,18509.7402157541,17498.3539002594,18276.0095516546,18719.9881409371,16390.8821748507,16563.4404971229,17585.197002257,19486.3936845505,19381.8905468746,19552.0911095911,21768.1486708026,21256.8084273666
Slovenia,SVN,GDP per capita (current US$),NY.GDP.PCAP.CD,23532.4808545468,25128.0150431304,22641.805122503,23503.2824850255,24247.1733184083,20890.1664304173,21678.3594670629,23514.0254604147,26123.7471277911,26042.4463468032,25558.4290544506,29331.0647010043,28439.3340989687
Sweden,SWE,GDP per capita (current US$),NY.GDP.PCAP.CD,52869.0442891587,60755.7595508465,58037.8213192173,61126.9431963979,60020.3604576572,51545.4836095322,51965.1571531985,53791.5087298403,54589.0603860606,51939.4297445291,52837.9039778149,61417.6808766469,56424.2846986686
Eswatini,SWZ,GDP per capita (current US$),NY.GDP.PCAP.CD,4035.53448063299,4360.95996745324,4396.57912043588,4111.12838248065,3928.5227551684,3583.31129031343,3339.99040122187,3824.04678338499,4021.4455564534,3818.54048403065,3372.90461019719,4068.57381550966,3986.88663743798
Sint Maarten (Dutch part),SXM,GDP per capita (current US$),NY.GDP.PCAP.CD,,27997.2898302635,28460.3326151186,27942.8805401415,36136.699503894,36519.9925867513,35703.0999494536,33351.7065470628,30791.0610758219,33836.7733501056,29223.0696152475,31711.6119870909,35873.0564894806
Seychelles,SYC,GDP per capita (current US$),NY.GDP.PCAP.CD,10938.1527643413,12113.881722186,12342.5102824514,14729.6266228185,15188.1746751096,14894.4857827096,15409.8046337211,15961.2436308497,16411.9211174277,16851.1197648771,12020.021064317,12963.0589802139,13250.4558332375
Syrian Arab Republic,SYR,GDP per capita (current US$),NY.GDP.PCAP.CD,11304.644927596,2971.2824553193,1910.60453942683,993.739882507097,1071.23420385272,857.497867137736,664.341672388301,862.319063332871,1111.87209187084,1124.52055370091,537.090234611441,420.622705161108,
Turks and Caicos Islands,TCA,GDP per capita (current US$),NY.GDP.PCAP.CD,23103.9426764449,23649.7144340602,22666.4069075154,22451.5687325118,24040.8746605688,25783.2941047676,26995.0321602259,25659.1958638691,26831.9714609396,27795.1485608171,20882.2612702141,23158.6378951102,24917.595805527
Chad,TCD,GDP per capita (current US$),NY.GDP.PCAP.CD,896.876704620394,988.194160047305,969.616142771586,980.083544373007,1017.78776208855,774.411603124119,691.980077427731,662.897472963315,720.265101427085,701.621201027424,643.772215694009,685.690315037547,716.804381134584
East Asia & Pacific (IDA & IBRD countries),TEA,GDP per capita (current US$),NY.GDP.PCAP.CD,4058.01296160653,4919.0387417119,5437.5488437164,5948.3195380373,6363.06807096175,6572.91516798637,6666.24826218499,7231.04313773664,8033.19132537236,8262.81155944634,8354.74737133325,9922.04350030871,10065.0347477818
Europe & Central Asia (IDA & IBRD countries),TEC,GDP per capita (current US$),NY.GDP.PCAP.CD,8281.56156578889,10026.1688630399,10423.4725733446,10974.0841747303,10318.1638400563,8020.64599297702,7670.48288897068,8565.50796082823,8897.54080256115,9039.80027971004,8455.23762063887,9982.81222980684,11342.4918645243
Togo,TGO,GDP per capita (current US$),NY.GDP.PCAP.CD,722.229399952606,803.482396552842,781.554340476871,847.387500434413,877.192472988119,770.143379256632,792.440550873266,813.395006476051,873.554887235302,848.304534594506,886.699511508194,976.666183129642,942.649901579536
Thailand,THA,GDP per capita (current US$),NY.GDP.PCAP.CD,4996.37209760091,5396.64358573682,5748.63272062158,6041.13394794203,5822.37778295314,5708.79409105798,5854.4639077194,6436.78965986703,7124.55881041403,7628.57603307351,7001.78546023389,7060.89770696418,6909.9562847948
Tajikistan,TJK,GDP per capita (current US$),NY.GDP.PCAP.CD,740.276191244616,837.881495181805,959.36021750698,1038.32071676208,1094.43012404185,970.362599665447,801.39383995978,844.36524984854,850.666958175637,889.023371804416,852.330229562269,916.691967061922,1054.18948358818
Turkmenistan,TKM,GDP per capita (current US$),NY.GDP.PCAP.CD,4286.88050515414,5453.15500459414,6441.88661774322,7049.79750519535,7685.50985852327,6208.2966545016,6163.25340597611,6354.53282979422,6721.34954037245,7344.88020350303,7330.36628793054,7885.29989591824,8792.5485039672
Latin America & the Caribbean (IDA & IBRD countries),TLA,GDP per capita (current US$),NY.GDP.PCAP.CD,9093.17382420284,10246.0299567148,10241.575134544,10377.0116163915,10460.2145883457,8577.4877659067,8258.06618377099,9106.59887343947,8817.70110856844,8593.06130776569,7186.56249313951,8262.54208532494,9324.95930422935
Timor-Leste,TLS,GDP per capita (current US$),NY.GDP.PCAP.CD,810.21648418078,936.708967668665,1020.11029502248,1201.60250698417,1221.72396039938,1322.9290943123,1349.54677672507,1285.5239757568,1241.16448533695,1583.07860279061,1663.5596290755,2741.95081994516,2389.2958750343
Middle East & North Africa (IDA & IBRD countries),TMN,GDP per capita (current US$),NY.GDP.PCAP.CD,4647.93091552455,4698.68537444915,4975.30664077627,4483.24551279559,4328.80741394876,3811.77355399615,3836.32168882378,3773.13676844095,3518.38198930639,3473.74136805429,3118.7490320247,3589.59535190625,4001.12264499328
Tonga,TON,GDP per capita (current US$),NY.GDP.PCAP.CD,3416.11069898939,3852.14446192581,4378.57152827537,4208.18789083239,4125.42545363426,4117.93104694205,3978.43768561484,4367.25660339844,4649.61330094975,4878.97868604087,4605.97084119137,4425.97149198516,
South Asia (IDA & IBRD),TSA,GDP per capita (current US$),NY.GDP.PCAP.CD,1253.94640751803,1361.48306716102,1362.3317737149,1380.00341254717,1490.71774949595,1539.4706005076,1675.43875197015,1887.89056136563,1920.14005541373,1965.09423623942,1853.84590090852,2136.19289074982,2287.41612436406
Sub-Saharan Africa (IDA & IBRD countries),TSS,GDP per capita (current US$),NY.GDP.PCAP.CD,1665.4009875735,1828.40597200384,1848.04774820992,1906.02683366202,1937.32519909579,1687.10091516038,1526.95769331624,1611.0990750748,1630.05597191173,1631.31214101577,1490.34966585367,1635.21734094322,1701.24538173745
Trinidad and Tobago,TTO,GDP per capita (current US$),NY.GDP.PCAP.CD,15711.5587055513,17910.319154168,19110.0538950806,19927.4039046998,20473.404028045,18508.770502876,16139.105257595,16258.7489291438,16328.1268925695,15642.4067190576,13705.900228571,16056.3020409273,19629.4653400829
Tunisia,TUN,GDP per capita (current US$),NY.GDP.PCAP.CD,4241.01190951928,4361.94912218432,4233.9162540494,4308.33830494463,4398.63869540854,3960.92484913663,3796.1095999439,3569.71883883673,3577.17534204669,3477.83618091653,3497.71902658991,3807.18410896841,3747.41939149283
Turkiye,TUR,GDP per capita (current US$),NY.GDP.PCAP.CD,10622.7020439723,11300.7852215681,11713.2849831139,12578.1878632,12165.220135038,11049.9951100942,10970.0458948862,10695.550196231,9568.83618958168,9215.44087472889,8638.73913259299,9743.21313092428,10674.5041731531
Tuvalu,TUV,GDP per capita (current US$),NY.GDP.PCAP.CD,3043.16668029498,3663.26705522426,3624.98428896036,3536.90150504438,3556.37972786582,3384.38320147639,3836.07300251003,4181.43658600984,4419.25999771152,4940.05098268449,4674.91140255256,5372.76023865042,5221.53279904243
Tanzania,TZA,GDP per capita (current US$),NY.GDP.PCAP.CD,730.782348632813,768.933410644531,854.540466308594,954.658813476563,1013.42877197266,929.7998046875,942.889038085938,975.904663085938,1011.60015869141,1050.93176269531,1104.16442871094,1146.03198242188,1192.76647949219
Uganda,UGA,GDP per capita (current US$),NY.GDP.PCAP.CD,824.73767112214,837.095884208132,796.711139410077,819.757867338416,897.50972863557,864.180059289672,753.684405508036,766.177604015442,793.128082237434,823.024732902811,846.881199214917,883.465728077878,964.39586947645
Ukraine,UKR,GDP per capita (current US$),NY.GDP.PCAP.CD,3078.41479492188,3704.84228515625,4004.78979492188,4187.73974609375,3104.65380859375,2124.66259765625,2187.7275390625,2638.32543945313,3096.5625,3661.45776367188,3751.7373046875,4827.845703125,4533.9755859375
Upper middle income,UMC,GDP per capita (current US$),NY.GDP.PCAP.CD,5998.63464234969,7182.16017524976,7617.69542237881,8078.03798065752,8239.68433528291,7683.61110791406,7607.59673123082,8352.32602595892,8912.56758144997,9023.20299187993,8663.00209318727,10271.8014880384,10814.277575258
Uruguay,URY,GDP per capita (current US$),NY.GDP.PCAP.CD,12512.5941268441,14975.5628186737,16087.2520777973,18140.8922133059,18131.5788465661,16950.7531694816,16837.9403803049,18995.3970195554,19026.0498173005,18098.361548609,15650.4993032445,17923.9953327961,20795.0423535553
United States,USA,GDP per capita (current US$),NY.GDP.PCAP.CD,48650.6431283336,50065.9665041742,51784.4185738837,53291.1276891406,55123.8497869046,56762.7294515989,57866.7449341091,59907.754260885,62823.309438197,65120.3946628653,63528.6343027508,70219.472454115,76329.5822652029
Uzbekistan,UZB,GDP per capita (current US$),NY.GDP.PCAP.CD,1742.34925645077,2051.12951516418,2267.62327535512,2419.71874376446,2628.46005444002,2753.97105782901,2704.67718852896,1916.76462520814,1604.25864156544,1795.20176845657,1759.30747053678,1993.42447787206,2255.15115496772
St. Vincent and the Grenadines,VCT,GDP per capita (current US$),NY.GDP.PCAP.CD,6590.98957888616,6566.482713176,6754.37018395671,7117.55476276649,7210.60311284047,7386.74663845115,7684.79283998852,7996.63698412147,8399.70773102107,8680.25110238522,8306.36049307201,8360.0642393726,9125.32477064743
"Venezuela, RB",VEN,GDP per capita (current US$),NY.GDP.PCAP.CD,13692.9149666211,10877.1123638816,12937.9275972349,12433.9807853398,15975.7293753361,,,,,,,,
British Virgin Islands,VGB,GDP per capita (current US$),NY.GDP.PCAP.CD,,,,,,,,,,,,,
Virgin Islands (U.S.),VIR,GDP per capita (current US$),NY.GDP.PCAP.CD,39905.1284180994,38997.1373164651,37795.3192590675,34597.9766940328,33045.3643795999,34007.3529411765,35324.9748874586,35365.0693039774,36663.2087550584,38633.5298915336,39411.0452535516,41976.0083120809,
Viet Nam,VNM,GDP per capita (current US$),NY.GDP.PCAP.CD,1684.01177184608,1953.55714968747,2190.2324398772,2367.49933068934,2558.77875834959,2595.23484372958,2760.71710111715,2992.07153198845,3267.22506911927,3491.09140990663,3586.34717624763,3756.48890080884,4163.51429874522
Vanuatu,VUT,GDP per capita (current US$),NY.GDP.PCAP.CD,2732.55156662187,3064.75120066071,2906.34246130818,2877.44452801285,2861.20315425441,2643.8868859095,2757.20330593386,3032.19702965604,3076.8353148388,3076.58988588361,2917.75684908933,3044.57364031957,3231.35129995571
World,WLD,GDP per capita (current US$),NY.GDP.PCAP.CD,9570.61840736825,10485.4941756505,10587.9371388227,10749.9606700589,10911.1271233098,10168.1245411851,10215.5854364314,10754.9297534255,11297.4524007067,11338.1503188002,10904.1476135154,12316.102461459,12687.741894173
Samoa,WSM,GDP per capita (current US$),NY.GDP.PCAP.CD,3494.39522455198,3789.62699537622,3902.31199231566,3989.89859047662,3948.72802229336,4048.46711296568,4105.8109051951,4261.64034322214,4189.05219052051,4308.3007294066,4042.72275154324,3857.68974206459,3745.56036746313
Kosovo,XKX,GDP per capita (current US$),NY.GDP.PCAP.CD,3009.52342543243,3540.82278614169,3410.69325464808,3704.5628029766,3902.53084084218,3520.78207462478,3759.47285515454,4009.3538108854,4384.18868045931,4416.02925267842,4310.9340020057,5269.78390114389,5340.26879794836
"Yemen, Rep.",YEM,GDP per capita (current US$),NY.GDP.PCAP.CD,1249.06308529856,1284.61763538908,1349.99060988906,1497.74794102378,1557.60140563399,1488.41626714602,1069.81699688479,893.716492936242,701.714868380787,693.816503470151,578.512010185469,543.637537849839,650.272218352095
South Africa,ZAF,GDP per capita (current US$),NY.GDP.PCAP.CD,8059.56279824609,8737.04126942435,8173.8691381716,7441.23085399675,6965.1378973693,6204.92990145846,5735.06678717842,6734.47515314548,7067.72416484458,6702.52661666304,5753.06649433369,7073.61275411821,6766.48125429478
Zambia,ZMB,GDP per capita (current US$),NY.GDP.PCAP.CD,1469.36145002684,1644.45683054452,1729.64747097057,1840.32055335789,1724.57621968232,1307.90964916032,1249.92314348406,1495.75213841021,1475.19988338535,1268.12094056241,956.831728987032,1134.71345424991,1456.90157015445
Zimbabwe,ZWE,GDP per capita (current US$),NY.GDP.PCAP.CD,937.840339987372,1082.61577325282,1290.19395746702,1408.36781031236,1407.03429109916,1410.32917348908,1421.78779140568,1192.10701198862,2269.17701232332,1421.86859613585,1372.69667436829,1773.92041090285,1676.82148896726
